Rank,Team,Club,Team ID,State,Gender,Age Group,Year,Games Played,Wins,Losses,Ties,W-L-T,Goals For,Goals Against,Goal Differential,GFPG,GAPG,Off_norm,Def_norm,SOS_norm,SOS,Raw Power,Power Score
1,2014 Elite,Phoenix United Futbol Club,579284,AZ,M,U12,2025,10,8,1,1,8-1-1,50,11,39,5.0,1.1,1.0,1.0,0.8978927901108937,0.557840593591995,0.9744731975277234,0.8770258777749511
2,AZ Arsenal Pre-ECNL B14,Arizona Arsenal Soccer Club,130653,AZ,M,U12,2025,43,27,14,2,27-14-2,158,99,59,5.517272727272727,1.6309090909090909,1.0,0.8071558119394986,0.5891505577041027,0.47524700575539713,0.8249710689033376,0.8249710689033376
3,Phoenix United 2014 Premier,Phoenix United Futbol Club,415876,AZ,M,U12,2025,43,28,9,6,28-9-6,153,70,83,3.8881818181818177,1.3063636363636366,0.7501770956316407,0.9943256624368577,0.5929478260598041,0.4762628370364981,0.802425490790638,0.802425490790638
4,Legends FC AZ 14B Black,Dynamos SC,166816,AZ,M,U12,2025,42,27,14,1,27-14-1,131,69,62,3.7137499999999997,1.495625,0.7048701298701295,0.879259178813499,0.6692092069563574,0.496664001504729,0.7613507924954501,0.7613507924954501
5,PRFC Scottsdale 14B Pre-Academy,Phoenix Rising FC,129148,AZ,M,U12,2025,29,24,5,0,24-5-0,124,34,90,3.8552631578947367,1.4042105263157894,0.7416267942583729,0.9325751258095109,0.5053503452668114,0.4528290807675854,0.7541633063421593,0.7541633063421593
6,PFC Danger B2014 Blue,Paris United FC,638992,AZ,M,U12,2025,1,1,0,0,1-0-0,6,0,6,6.0,0.0,1.0,1.0,1.0,0.6799423119949504,1.0,0.75
7,14 Pre-MLSN #1,FC Tucson Youth Soccer,499119,AZ,M,U12,2025,14,8,4,2,8-4-2,58,26,32,4.185,1.85,0.8272727272727268,0.70490479359011,0.9916902860626469,0.5829329551401771,0.8224891418392255,0.740240227655303
8,Scottsdale 14 Sandsharks Select,North Scottsdale Soccer Club,152739,AZ,M,U12,2025,33,19,7,7,19-7-7,70,29,41,2.7356521739130435,0.8908695652173914,0.45081874647092024,1.0,0.7404748040730522,0.5157287122483826,0.7291757309448581,0.7291757309448581
9,Southeast 2014 Boys Black,Next Level Soccer (AZ),238248,AZ,M,U12,2025,12,8,2,2,8-2-2,43,19,24,3.89,1.49,0.7506493506493505,0.8824268335459947,0.7506171199229797,0.5184419473263546,0.8000578490539993,0.7200520641485995
10,Playmaker Futbol Academy 14B Black,Playmaker Futbol Academy,391035,AZ,M,U12,2025,41,21,15,5,21-15-5,130,88,42,3.731290322580645,1.8167741935483872,0.7094260578131543,0.7193882635815483,0.67177955213037,0.49735161080341567,0.7037502585556059,0.7037502585556059
11,PSG 14B Blue,Paris Saint-Germain Academy Phoenix,253741,AZ,M,U12,2025,26,14,4,8,14-4-8,111,42,69,4.08,1.86375,0.7999999999999997,0.6990093468245158,0.5176291369860588,0.45611385802168886,0.691535789305708,0.691535789305708
12,FC Deportivo AZ 2014B (Gallegos),FC Deportivo Arizona,523920,AZ,M,U12,2025,11,8,2,1,8-2-1,54,23,31,5.85,2.3,1.0,0.5374692331771732,0.7668823282381164,0.5227931561039305,0.7682715445009691,0.6914443900508722
13,AZSC 14B Perez,Arizona Soccer Club,80004,AZ,M,U12,2025,26,14,10,2,14-10-2,90,59,31,3.3274999999999997,2.02875,0.6045454545454543,0.6324392174367053,0.879166253744041,0.5528309393758105,0.6836608154293201,0.6836608154293201
14,Tuzos Royals 14 Pre-Academy,FBSL,435521,AZ,M,U12,2025,32,23,8,1,23-8-1,92,49,43,2.889090909090909,1.5136363636363634,0.490672963400236,0.8692116605896648,0.6252855534960232,0.4849137070863079,0.6662781223702186,0.6662781223702186
15,2014B West,Phoenix United Futbol Club,499398,AZ,M,U12,2025,40,25,11,4,25-11-4,152,81,71,3.68,1.95,0.6961038961038959,0.6632823943914139,0.6164903307656283,0.482560841411073,0.6638924416271482,0.6638924416271482
16,Dynamos SC 14B SC,Dynamos SC,126725,AZ,M,U12,2025,20,11,4,5,11-4-5,48,30,18,2.52,1.62,0.39480519480519466,0.8126940983852068,0.762433157233657,0.5216029302210241,0.6434205242548148,0.6434205242548148
17,14 Pre-MLSN #2,FC Tucson Youth Soccer,499128,AZ,M,U12,2025,18,12,6,0,12-6-0,78,29,49,4.16,1.5425,0.8207792207792205,0.8534071293742488,0.3054062299956202,0.3993407655528939,0.704171438806456,0.6337542949258105
18,AZ Thundercats 2014,FBSL,434312,AZ,M,U12,2025,2,2,0,0,2-0-0,6,1,5,3.0,0.5,0.5194805194805193,1.0,1.0,0.6970501529725031,0.8198051948051948,0.6148538961038961
19,Madison FC 14 Gold Boys,Madison FC,96965,AZ,M,U12,2025,41,27,9,5,27-9-5,152,72,80,3.702903225806452,1.903225806451613,0.7020527859237534,0.6823940126901485,0.3762175763971643,0.4182839568139384,0.6132219435795043,0.6132219435795043
20,FC Elite Arizona 2014 Boys (ARCHIVED),FC Elite Arizona,488139,AZ,M,U12,2025,18,11,5,2,11-5-2,45,19,26,2.5,1.1999999999999997,0.38961038961038946,1.0,0.5915553994002052,0.4758903401716569,0.6689927459539473,0.6020934713585526
21,West Valley 2014 Boys Martinez Pre-Elite64,RSL-AZ West Valley,385131,AZ,M,U12,2025,25,13,12,0,13-12-0,65,47,18,2.8,1.89,0.4675324675324673,0.6879101807684972,0.6618862050603587,0.49470497893885007,0.5987625443779514,0.5987625443779514
22,Excel Soccer Academy 14B Red,Excel Soccer Academy,188448,AZ,M,U12,2025,41,25,14,2,25-14-2,108,66,42,2.9151612903225805,2.0261290322580647,0.49744449099287785,0.6334399194942354,0.6945333742223844,0.5034386297024012,0.5977149974882635,0.5977149974882635
23,Real Arizona 2014,Real Arizona FC,170375,AZ,M,U12,2025,24,14,7,3,14-7-3,98,52,46,3.9942857142857147,2.2800000000000002,0.7777365491651204,0.5439352405914939,0.3988756721588666,0.42434536735669326,0.595345839198447,0.595345839198447
24,SFC XOLOS ARIZONA 2014,Spartans FC (AZ),584054,AZ,M,U12,2025,11,8,2,1,8-2-1,43,26,17,4.390000000000001,2.2800000000000002,0.8805194805194804,0.5439352405914939,0.4802047837574402,0.44610223252581843,0.6542217163559755,0.588799544720378
25,FC ARIZONA PRE ECNL RL B14,FC Arizona,633380,AZ,M,U12,2025,4,3,0,1,3-0-1,12,4,8,3.0,1.0,0.5194805194805193,1.0,0.8492141303474487,0.5448182573550704,0.782108727392057,0.5865815455440427
26,2014 Boys Yellow,Thunderbird FC,385775,AZ,M,U12,2025,25,12,9,4,12-9-4,62,49,13,3.1399999999999997,2.33,0.5558441558441556,0.527915852853312,0.6969172297141265,0.5040763499663641,0.5806393106900819,0.5806393106900819
27,Southeast 2014 Boys Red,Next Level Soccer (AZ),314607,AZ,M,U12,2025,54,29,23,2,29-23-2,155,107,48,2.3836363636363638,1.8036363636363637,0.35938606847697746,0.7252098842497854,0.6590912208468549,0.4939572750295392,0.5714962874842497,0.5714962874842497
28,FC Elite Arizona 2014 Boys - Martinez,FC Elite Arizona,631446,AZ,M,U12,2025,6,6,0,0,6-0-0,43,3,40,7.166666666666667,0.5,1.0,1.0,0.0395952162526966,0.32823197962371503,0.7598988040631741,0.5699241030473806
29,Southeast 2014 Boys Green,Next Level Soccer (AZ),514142,AZ,M,U12,2025,36,20,9,7,20-9-7,115,57,58,3.1976923076923076,1.943846153846154,0.5708291708291706,0.6657621192456867,0.4104109286983001,0.42743123681089895,0.5663244659526465,0.5663244659526465
30,AZSC 2014B Pre-NL Premier 2,Arizona Soccer Club,79991,AZ,M,U12,2025,14,9,4,1,9-4-1,35,18,17,2.49,1.285,0.3870129870129869,1.0,0.4235121061985998,0.43093601568808265,0.6260078966795201,0.563407107011568
31,AZEV B2014 (WHITE),AYSO United (AZ),368573,AZ,M,U12,2025,16,13,2,1,13-2-1,75,34,41,4.75,2.14,0.9740259740259737,0.5915036390853821,0.15423880456610664,0.3589010112215384,0.625633306058285,0.5630699754524565
32,14B GSA,RSL-AZ North,404655,AZ,M,U12,2025,45,32,7,6,32-7-6,175,98,77,2.8514285714285714,2.375714285714286,0.480890538033395,0.5136848334965656,0.7330651061319644,0.5137464970750028,0.5562320408567263,0.5562320408567263
33,PRFC Desert Foothills 14B Pre-Academy,Phoenix Rising Desert Foothills,87271,AZ,M,U12,2025,31,15,15,1,15-15-1,92,73,19,2.54,2.547142857142857,0.39999999999999986,0.46358539815538186,0.876803398730436,0.5521988370826127,0.5430453739908772,0.5430453739908772
34,Excel Soccer Academy 14B Black,Excel Soccer Academy,419768,AZ,M,U12,2025,14,7,5,2,7-5-2,41,30,11,2.9400000000000004,2.135,0.5038961038961038,0.5932810866481523,0.7275484699879265,0.512270706839332,0.5933285639510777,0.5339957075559699
35,Brazas 2014 Boys Black Marcos,Brazas Futebol Club,138967,AZ,M,U12,2025,16,6,6,4,6-6-4,45,32,13,2.9899999999999998,1.9600000000000002,0.5168831168831166,0.6592748323064043,0.5695977881045217,0.47001632065999377,0.5834586779722007,0.5251128101749807
36,Phoenix Premier FC 14B SW Black,Phoenix Premier FC,502513,AZ,M,U12,2025,27,11,15,1,11-15-1,88,84,4,3.699411764705882,2.4247058823529413,0.7011459129106185,0.4988553297451733,0.29207249675746916,0.39577377421902293,0.5230185901852892,0.5230185901852892
37,Monsters 2014,United Latinos SC,380328,AZ,M,U12,2025,7,6,1,0,6-1-0,38,11,27,5.428571428571429,1.5714285714285714,1.0,0.8379230443626101,0.0,0.29434538287228923,0.6892211416359788,0.5169158562269841
38,14B Velasco,RSL-AZ South,82310,AZ,M,U12,2025,24,11,9,4,11-9-4,69,55,14,2.8385714285714285,2.2471428571428573,0.47755102040816305,0.5547308842946823,0.5129494337794827,0.4548619610109414,0.5153430727084376,0.5153430727084376
39,CDO 14B Premier,Canyon Del Oro Soccer Club,250765,AZ,M,U12,2025,18,9,7,2,9-7-2,47,43,4,2.6075,2.49,0.41753246753246737,0.4797383474951577,0.9405743513494403,0.5692586080621187,0.5716201434727195,0.5144581291254475
40,14B Moyer,RSL-AZ South,251057,AZ,M,U12,2025,14,7,5,2,7-5-2,34,25,9,2.3999999999999995,1.79,0.36363636363636337,0.7313104016839066,0.6434158470454784,0.4897638566143039,0.5714589987564708,0.5143130988808237
41,CCV Stars 14 Boys South Pre-ECNL,CCV STARS,128663,AZ,M,U12,2025,17,8,7,2,8-7-2,38,34,4,2.361428571428571,2.0542857142857143,0.35361781076066773,0.6227794002226171,0.8145140098160855,0.5355354085827926,0.5697774565727531,0.5127997109154778
42,2014 Tuzos Academy FV,FBSL,308708,AZ,M,U12,2025,9,5,3,1,5-3-1,52,19,33,5.777777777777778,2.111111111111111,1.0,0.6018521927169096,0.3208157554282097,0.40346306518911584,0.6808985111258935,0.5106738833444201
43,AZEV B2014 (NAVY),AYSO United (AZ),342294,AZ,M,U12,2025,36,26,7,3,26-7-3,116,53,63,3.033846153846154,1.8976923076923078,0.5282717282717282,0.6846957762993175,0.21454314901212784,0.37503340791733086,0.5084986014671741,0.5084986014671741
44,PRFC North Valley 14B PreAcademy,Phoenix Rising FC North Valley,68446,AZ,M,U12,2025,24,13,5,6,13-5-6,55,43,12,2.2471428571428573,2.2328571428571427,0.3239332096474953,0.55949308874482,0.7065701416757286,0.506658661513976,0.5079273973160503,0.5079273973160503
45,Phoenix Premier FC 14B Black,Phoenix Premier FC,57042,AZ,M,U12,2025,45,18,23,4,18-23-4,137,153,-16,2.894285714285714,3.154285714285714,0.49202226345083466,0.3194038001863676,0.7641321396234951,0.5220574357486742,0.4953178087698247,0.4953178087698247
46,Phoenix Premier FC 14B X-Factor,Phoenix Premier FC,250009,AZ,M,U12,2025,16,10,4,2,10-4-2,57,31,26,3.51,1.79,0.6519480519480516,0.7313104016839066,0.11900431422274602,0.3494752098001838,0.5484729986676709,0.4936256988009038
47,Tuzos Royals 2014,FBSL,365177,AZ,M,U12,2025,58,34,18,6,34-18-6,137,108,29,1.4300000000000002,2.0775,0.11168831168831168,0.6141368564260972,0.8848751525317675,0.5543581630076364,0.4934032261758452,0.4934032261758452
48,CCV Stars 14 Boys West Pre-ECNL,CCV STARS,128680,AZ,M,U12,2025,8,5,2,1,5-2-1,29,12,17,3.625,1.5,0.6818181818181815,0.8768053022807254,0.2793164458650027,0.39236132234413046,0.6543129180033408,0.49073468850250557
49,RSL-AZ Yuma 14 Boys Quinonez,RSL-AZ Yuma,256692,AZ,M,U12,2025,10,6,3,1,6-3-1,40,29,11,4.0,2.9,0.7792207792207789,0.37432689226200405,0.43363394052618587,0.4336437716244376,0.5409888619375901,0.4868899757438311
50,FC Arizona 14B Black GFC Suenaga U12,FC Arizona,371742,AZ,M,U12,2025,5,2,2,1,2-2-1,28,17,11,5.6,3.4,1.0,0.27236292919002314,0.6335196001488216,0.4871164489987667,0.6355159984834641,0.476636998862598
51,AZ Arsenal 14 Boys Select,Arizona Arsenal Soccer Club,521384,AZ,M,U12,2025,12,8,4,0,8-4-0,40,28,12,3.84,2.2,0.7376623376623374,0.570607521175567,0.1260171249028012,0.3513512511514733,0.5221054782899144,0.46989493046092295
52,Southeast 2014 Boys Blue,Next Level Soccer (AZ),448054,AZ,M,U12,2025,39,22,15,2,22-15-2,120,85,35,2.016896551724138,2.6093103448275863,0.26412897447380196,0.446593010887511,0.7873919180573288,0.5282798062295725,0.46336872402482454,0.46336872402482454
53,Madison FC 14 Blue Boys,Madison FC,498236,AZ,M,U12,2025,20,9,11,0,9-11-0,54,53,1,2.62,2.87,0.42077922077922064,0.38128257346381345,0.616913299775449,0.4826739925267868,0.45500149778500004,0.45500149778500004
54,Tuzos Academy Mesa 2014,FBSL,385521,AZ,M,U12,2025,27,12,10,5,12-10-5,83,79,4,2.7211764705882353,3.0694117647058823,0.4470588235294116,0.33697253146269374,0.6008062073438805,0.47836508232953806,0.4442133099580096,0.4442133099580096
55,Dynamos SC 14B Gold,Dynamos SC,496617,AZ,M,U12,2025,22,9,10,3,9-10-3,61,69,-8,3.0549999999999997,2.85,0.5337662337662334,0.3859799166130874,0.3960472116434291,0.4235887079900656,0.44391660930310256,0.44391660930310256
56,Pima Surf 2014 B Blue,Pima County Surf Soccer Club,267400,AZ,M,U12,2025,14,3,8,3,3-8-3,33,34,-1,2.3449999999999998,2.4099999999999997,0.34935064935064913,0.5032619681465733,0.6934352789643373,0.503144871292865,0.4930885513025428,0.4437796961722885
57,Playmaker Futbol Academy PRE-ECNL B14,Playmaker Futbol Academy,78337,AZ,M,U12,2025,13,6,6,1,6-6-1,31,34,-3,2.32,2.62,0.3428571428571427,0.4437299875684572,0.7870436427571316,0.5281866369006669,0.4917310845988828,0.44255797613899456
58,14B Engilman,RSL-AZ North,80232,AZ,M,U12,2025,20,8,10,2,8-10-2,57,58,-1,2.87,2.8200000000000003,0.48571428571428554,0.39311815666060984,0.4398106628714583,0.43529614569580977,0.4395148316084503,0.4395148316084503
59,PRFC Southeast Valley 14B Predator-Central,Phoenix Rising FC,494072,AZ,M,U12,2025,21,7,12,2,7-12-2,40,52,-12,2.0736363636363637,2.5290909090909093,0.27886658795749697,0.4686317384788096,0.6343629674719402,0.487342063526904,0.43890261428160005,0.43890261428160005
60,14B NL #1,FC Tucson Youth Soccer,515148,AZ,M,U12,2025,8,5,3,0,5-3-0,24,12,12,3.0,1.5,0.5194805194805193,0.8768053022807254,0.24250319458993178,0.3825131765979658,0.5842329818079497,0.43817473635596227
61,AZ Arsenal 14 Boys Teal SC,Arizona Arsenal Soccer Club,163425,AZ,M,U12,2025,60,17,37,6,17-37-6,111,192,-81,1.69,2.24,0.17922077922077914,0.5571067371762213,0.6481344178783859,0.4910261513496657,0.43815642311847164,0.43815642311847164
62,AZ Inferno 14 Boys Black,AZ Inferno,130761,AZ,M,U12,2025,25,13,12,0,13-12-0,87,77,10,2.84,2.79,0.4779220779220777,0.40036940314687924,0.42505925584275467,0.43134990347737123,0.43562411936154755,0.43562411936154755
63,PRFC West Valley 14B Predator,Phoenix Rising FC,174796,AZ,M,U12,2025,26,12,12,2,12-12-2,90,81,9,3.2249999999999996,3.4662499999999996,0.5779220779220776,0.26056558736691754,0.48052127407440015,0.4461868988527718,0.4345631930019732,0.4345631930019732
64,SCFC - 2014,Scottsdale City FC,370208,AZ,M,U12,2025,2,0,1,1,0-1-1,0,3,-3,0.0,1.5,0.0,0.8768053022807254,1.0,0.7916355256087021,0.578801988355272,0.434101491266454
65,PRFC Scottsdale 14B Predator,Phoenix Rising FC,179071,AZ,M,U12,2025,26,11,12,3,11-12-3,62,80,-18,2.6487499999999997,2.57625,0.42824675324675304,0.45555592568865855,0.395364158655712,0.4234059801640138,0.4302670442647073,0.4302670442647073
66,CCV Stars 14 Boys North Orange,CCV STARS,128638,AZ,M,U12,2025,19,7,10,2,7-10-2,29,48,-19,1.48,2.48,0.12467532467532462,0.48261965304190074,1.0,0.6246399599158633,0.4777356166439595,0.4299620549795636
67,Phoenix United 2014 Academy,Phoenix United Futbol Club,518095,AZ,M,U12,2025,19,9,4,6,9-4-6,58,40,18,2.666666666666667,2.2866666666666666,0.43290043290043284,0.5417711610309202,0.4009399141573286,0.42489758579304676,0.46573682626358953,0.41916314363723056
68,NOS Santos 14 Boys Blue,NOS Santos SC,85564,AZ,M,U12,2025,18,8,9,1,8-9-1,48,63,-15,3.0025,3.1100000000000003,0.5201298701298699,0.3284803220048213,0.5820497538173482,0.473347424784698,0.4637412605048462,0.4173671344543616
69,U-12 (2014) Boys Yuma Pre Academy,SC del Sol,384230,AZ,M,U12,2025,9,4,5,0,4-5-0,20,21,-1,2.2222222222222223,2.3333333333333335,0.3174603174603174,0.5268649810176872,0.9489827581725367,0.5715079941668166,0.5538676764723859,0.4154007573542894
70,Tuzos Halcones 2014,FBSL,273386,AZ,M,U12,2025,23,9,12,2,9-12-2,66,86,-20,2.6961538461538463,4.236923076923077,0.44055944055944046,0.14526143444647766,0.7688213966831032,0.5233118885710883,0.4118881772979951,0.4118881772979951
71,Verde Valley United FC,,452848,AZ,M,U12,2025,11,3,5,3,3-5-3,19,21,-2,1.3299999999999998,1.93,0.08571428571428565,0.671379584679215,0.6907605719488354,0.5024293434977205,0.4566003443847716,0.41094030994629444
72,Select 14B Red,AZFC ,497273,AZ,M,U12,2025,24,8,14,2,8-14-2,60,48,12,2.7914285714285714,2.0485714285714285,0.4653061224489794,0.62492698294613,0.0,0.3114414628183739,0.408837414523166,0.408837414523166
73,Gila Valley Ninjas,AYSO 350 Alliance,639388,AZ,M,U12,2025,3,2,1,0,2-1-0,11,6,5,3.6666666666666665,2.0,0.6926406926406924,0.6435117547720332,0.16106062132225651,0.3607259585799285,0.5413223231103363,0.40599174233275226
74,U-12 (2014) Boys Pre Academy Blue,SC del Sol,85988,AZ,M,U12,2025,19,6,12,1,6-12-1,46,50,-4,2.5599999999999996,2.8033333333333332,0.40519480519480494,0.3971325043355968,0.5913949064495061,0.4758474056870631,0.4487214676862772,0.40384932091764947
75,State 48 FC Avondale 14 Black,State 48 FC,399594,AZ,M,U12,2025,28,13,10,5,13-10-5,52,61,-9,1.9866666666666668,2.35,0.2562770562770562,0.5216419911480895,0.4474659059532618,0.437344048203214,0.40358611927274507,0.40358611927274507
76,Playmaker Futbol Academy 14B Gold,Playmaker Futbol Academy,391344,AZ,M,U12,2025,40,15,20,5,15-20-5,97,135,-38,2.47,3.3299999999999996,0.3818181818181817,0.2852202788060281,0.6056197041376515,0.47965277130923584,0.40154434876849154,0.40154434876849154
77,14B Negrete Pre MLS Next,RSL-AZ Southern AZ,178324,AZ,M,U12,2025,11,6,3,2,6-3-2,40,20,20,3.26,2.7800000000000002,0.5870129870129868,0.4028120628979858,0.2734502523460139,0.3907920198036257,0.43954695680311817,0.3955922611228064
78,CCV Stars 14 Boys North Pre-ECNL,CCV STARS,113537,AZ,M,U12,2025,9,3,5,1,3-5-1,14,17,-3,1.5555555555555556,1.8888888888888888,0.14430014430014426,0.6883758985237047,0.8483152732255896,0.544577798399818,0.5243323343653408,0.3932492507740056
79,VSC 2014 Boys Green,Vail SC,295846,AZ,M,U12,2025,10,4,3,3,4-3-3,21,23,-2,2.1,2.3,0.28571428571428564,0.5374692331771732,0.5048117206811852,0.4526849898970975,0.43489674975459336,0.39140707477913406
80,PRFC Southeast Valley 14B Predator,Phoenix Rising FC,260979,AZ,M,U12,2025,30,12,16,2,12-16-2,65,96,-31,2.7899999999999996,2.705,0.46493506493506465,0.42155230673744765,0.21555057078257728,0.37530290968855756,0.3863204070728365,0.3863204070728365
81,Pumas Tucson 14B,Renegades Soccer Club,450534,AZ,M,U12,2025,3,2,1,0,2-1-0,6,6,0,2.0,2.0,0.25974025974025966,0.6435117547720332,0.7004674912113434,0.5050261028800728,0.5138363782449457,0.38537728368370927
82,PRFC North Valley 14B Predator,Phoenix Rising FC North Valley,82493,AZ,M,U12,2025,30,6,19,5,6-19-5,55,95,-40,2.255,3.2399999999999998,0.3259740259740258,0.3023749636036627,0.5895104299869374,0.4753432774664959,0.3830084785883675,0.3830084785883675
83,2014 Rush Boys,Phoenix Rush,370621,AZ,M,U12,2025,19,10,6,3,10-6-3,53,46,7,3.1599999999999997,2.3766666666666665,0.5610389610389608,0.5133924513737993,0.08956566408204654,0.3415998902585957,0.4253031956752967,0.382772876107767
84,Amore 2014 Boys,Amore Soccer,296013,AZ,M,U12,2025,25,10,9,6,10-9-6,73,81,-8,2.81,3.2699999999999996,0.47012987012986995,0.2965763855260861,0.3728301317494834,0.4173777600657034,0.38072237880835436,0.38072237880835436
85,14B Antunez Pre-MLS Next,RSL-AZ North,80225,AZ,M,U12,2025,16,3,11,2,3-11-2,25,48,-23,1.49,3.0599999999999996,0.12727272727272723,0.3389659907828541,0.990045520644601,0.5824929535376526,0.4223508994319933,0.380115809488794
86,14B Hinds,RSL-AZ Southern AZ,373077,AZ,M,U12,2025,19,12,4,3,12-4-3,57,36,21,2.5233333333333334,2.1533333333333333,0.39567099567099556,0.5867913362445499,0.208071997561703,0.37330226925334536,0.4204413738587553,0.37839723647287976
87,FC Elite Arizona 2014 Boys - Urbina,FC Elite Arizona,631457,AZ,M,U12,2025,10,4,4,2,4-4-2,16,30,-14,1.6,3.0,0.1558441558441558,0.3518948203861682,0.9193498333367585,0.5635807029724769,0.42023957442056115,0.37821561697850503
88,PRFC West Valley 14B Pre-Academy,Phoenix Rising FC,120243,AZ,M,U12,2025,15,5,10,0,5-10-0,23,40,-17,1.5,2.6999999999999997,0.12987012987012983,0.4228286692908381,0.8474977443426637,0.5443590960762825,0.4191364857710289,0.377222837193926
89,Deportivo Mexico 14B,Renegades Soccer Club,558128,AZ,M,U12,2025,10,2,5,3,2-5-3,21,24,-3,2.1,2.4,0.28571428571428564,0.5062802562375085,0.4712227280161946,0.4436993859698593,0.4148036352359714,0.3733232717123743
90,14B Hermanson AL,RSL-AZ Southern AZ,390403,AZ,M,U12,2025,28,8,17,3,8-17-3,53,76,-23,1.8433333333333333,2.76,0.21904761904761896,0.4077363610132487,0.5462462998693317,0.4637694163099363,0.3716055674901583,0.3716055674901583
91,Eagles F.C.,Renegades Soccer Club,432207,AZ,M,U12,2025,19,5,9,5,5-9-5,22,41,-19,1.1366666666666667,1.9166666666666665,0.0354978354978355,0.6768394044161321,0.5785432317570625,0.47240937288447854,0.4117622729070035,0.37058604561630315
92,America 14b,Renegades Soccer Club,547554,AZ,M,U12,2025,7,2,5,0,2-5-0,23,25,-2,3.2857142857142856,3.5714285714285716,0.5936920222634506,0.2425384699914688,0.6879289631440529,0.5016718419122926,0.4855686753816081,0.36417650653620603
93,East Valley NSFC 14 Boys Aguirre,East Valley/NSFC,78764,AZ,M,U12,2025,20,7,12,1,7-12-1,44,70,-26,1.88,3.58,0.22857142857142845,0.24110585404743345,0.7484700119283361,0.5178675608831141,0.36324648396415726,0.36324648396415726
94,14 Cityzens,Scottsdale City FC,505150,AZ,M,U12,2025,38,12,21,5,12-21-5,67,93,-26,2.0814285714285714,2.8935714285714282,0.2808905380333951,0.3758083719676178,0.4649318738766127,0.4420164797801412,0.362495059719533,0.362495059719533
95,14B Rayados Blue AL,RSL-AZ Southern AZ,513291,AZ,M,U12,2025,7,0,2,5,0-2-5,16,24,-8,2.2857142857142856,3.4285714285714284,0.3339517625231909,0.26723183943543316,1.0,0.7426860492588538,0.47544385073448403,0.356582888050863
96,Tuzos 2014 Nava,FBSL,498283,AZ,M,U12,2025,10,4,6,0,4-6-0,38,48,-10,3.8,4.8,0.727272727272727,0.08038939871656973,0.35781948871429126,0.4133621679831228,0.39232816942455906,0.35309535248210316
97,La Academia 14B,La Academia FC,389989,AZ,M,U12,2025,9,2,5,2,2-5-2,40,39,1,4.444444444444445,4.333333333333333,0.8946608946608944,0.1331821195967694,0.3398979729383054,0.4085678699181319,0.47041562358120026,0.3528117176859002
98,Select 14B,Yavapai Soccer,208947,AZ,M,U12,2025,19,7,6,6,7-6-6,48,65,-17,2.6999999999999997,3.486666666666667,0.4415584415584413,0.25700015674500265,0.516430429257647,0.45579318413368464,0.39106708167820325,0.35196037351038295
99,Kingman SC B14 McGill,Kingman SC,195296,AZ,M,U12,2025,16,7,7,2,7-7-2,38,41,-3,2.54,2.29,0.39999999999999986,0.5406924101253452,0.11978937644815456,0.3496852267627678,0.382706997909043,0.3444362981181387
100,PRFC Southeast Valley 14B Pre-Academy,Phoenix Rising FC,260977,AZ,M,U12,2025,19,5,12,2,5-12-2,39,70,-31,1.8499999999999999,3.91,0.22077922077922066,0.18975342916958737,0.9126163148902047,0.5617793768535025,0.38210382245335417,0.34389344020801876
101,State 48 FC Avondale 14 White,State 48 FC,614163,AZ,M,U12,2025,27,12,12,3,12-12-3,46,64,-18,1.3876470588235295,2.6999999999999997,0.10068754774637124,0.4228286692908381,0.5742530622287447,0.4712616824923713,0.3398818469461397,0.3398818469461397
102,CCV Stars 14 Boys North Navy,CCV STARS,128639,AZ,M,U12,2025,13,5,7,1,5-7-1,35,43,-8,2.87,3.13,0.48571428571428554,0.32435714377345937,0.27022388594358393,0.3899289141158329,0.37133275754380035,0.3341994817894203
103,14B Felix Nogales,RSL-AZ Southern AZ,552776,AZ,M,U12,2025,10,4,4,2,4-4-2,27,28,-1,2.7,2.8,0.44155844155844143,0.3979395994997258,0.2187173767921827,0.3761500819988594,0.3694911095948583,0.3325419986353725
104,PSC 2014B,Paladin Soccer Club,654997,AZ,M,U12,2025,6,1,4,1,1-4-1,6,11,-5,1.0,1.8333333333333333,0.0,0.7121275040392957,0.6997989608001693,0.5048472600803485,0.4419975542147782,0.33149816566108364
105,Phoenix Valley Soccer Club boys 2014,Phoenix Valley,492657,AZ,M,U12,2025,14,4,8,2,4-8-2,25,50,-25,1.7799999999999998,3.54,0.20259740259740247,0.24783767639826038,0.7550652086091328,0.5196318836714436,0.3576794567756568,0.32191151109809113
106,Madison FC 14 White Boys,Madison FC,620400,AZ,M,U12,2025,7,4,1,2,4-1-2,23,16,7,3.2857142857142856,2.2857142857142856,0.5936920222634506,0.5420797775943411,0.0,0.25243012406955795,0.4259144249466719,0.3194358187100039
107,14B NL #2,FC Tucson Youth Soccer,515151,AZ,M,U12,2025,6,3,3,0,3-3-0,14,10,4,2.3333333333333335,1.6666666666666667,0.34632034632034625,0.7893202219649655,0.0,0.30915503310548104,0.42586521310699194,0.31939890983024394
108,14B JDeutsch Pre-MLS Next,RSL-AZ South,82303,AZ,M,U12,2025,9,1,6,2,1-6-2,12,27,-15,1.3333333333333333,3.0,0.08658008658008653,0.3518948203861682,1.0,0.5928145756766133,0.4144280901123455,0.3108210675842591
109,AZ Arsenal 14 Boys Teal CB,Arizona Arsenal Soccer Club,254487,AZ,M,U12,2025,20,5,12,3,5-12-3,40,91,-51,2.2399999999999998,4.85,0.3220779220779219,0.07523260058419366,0.6186074237431252,0.48312719834718776,0.3036433019340746,0.3036433019340746
110,CCV Stars 14 Boys West Orange,CCV STARS,368675,AZ,M,U12,2025,16,5,7,4,5-7-4,27,38,-11,1.69,2.34,0.17922077922077914,0.5247695299921602,0.26908301166224796,0.38962371161913695,0.33126711887041427,0.29814040698337285
111,Phoenix Premier FC 14B White,Phoenix Premier FC,320364,AZ,M,U12,2025,15,5,8,2,5-8-2,34,42,-8,2.23,2.7800000000000002,0.31948051948051936,0.4028120628979858,0.2345231815085268,0.3803783928133237,0.3294905137690711,0.296541462392164
112,Northwest 2014 Boys,Next Level Soccer (AZ),506850,AZ,M,U12,2025,26,4,19,3,4-19-3,36,80,-44,1.23875,3.2937499999999997,0.06201298701298699,0.29204330983535753,0.6315186976948203,0.486581174924667,0.29065078574183423,0.29065078574183423
113,AZ Arsenal 14 Boys Teal MC,Arizona Arsenal Soccer Club,505309,AZ,M,U12,2025,12,6,6,0,6-6-0,27,29,-2,2.13,2.75,0.2935064935064934,0.4102182072633412,0.23619178327239598,0.38082477102751905,0.3229447086067869,0.29065023774610826
114,Phoenix Premier FC 14B Pre MLS Next AD,Phoenix Premier FC,619879,AZ,M,U12,2025,8,2,6,0,2-6-0,14,34,-20,1.75,4.25,0.19480519480519473,0.14359701011055026,0.9895885681249491,0.5823707112782286,0.3742979688746416,0.2807234766559812
115,Milan,AYSO 350 Alliance,413583,AZ,M,U12,2025,18,7,8,3,7-8-3,27,51,-24,1.4674999999999998,2.855,0.12142857142857133,0.3848010114258184,0.4856900868775146,0.4475696406660216,0.31125861528977483,0.2801327537607974
116,CDO 14B Elite,Canyon Del Oro Soccer Club,250767,AZ,M,U12,2025,16,8,4,4,8-4-4,41,48,-7,2.39,3.1399999999999997,0.36103896103896094,0.32231049370934134,0.1993077761538999,0.3709576969380457,0.3060829895690883,0.2754746906121795
117,Scottsdale 14 Sandsharks Black,North Scottsdale Soccer Club,273169,AZ,M,U12,2025,13,3,6,4,3-6-4,16,24,-8,1.3,2.01,0.0779220779220779,0.6396364466738822,0.11880193843399398,0.3494210709726124,0.2987849313319835,0.2689064381987852
118,CCV Stars 14 Boys East Pre-ECNL,CCV STARS,330680,AZ,M,U12,2025,8,3,4,1,3-4-1,28,26,2,3.5,3.25,0.6493506493506491,0.3004330084357214,0.0,0.2066133564067857,0.356168871669889,0.26712665375241673
119,2014 Boys Blue,Thunderbird FC,385776,AZ,M,U12,2025,21,6,9,6,6-9-6,38,52,-14,1.7627272727272727,2.4863636363636363,0.19811097992916166,0.48078418252020755,0.048159248050217304,0.33052299794987644,0.2666254979310678,0.2666254979310678
120,14B Blue #1,FC Tucson Youth Soccer,515152,AZ,M,U12,2025,10,2,7,1,2-7-1,16,24,-8,1.6,2.4,0.1558441558441558,0.5062802562375085,0.1904435205134041,0.3685863638322958,0.2959075346589752,0.26631678119307767
121,Jedi 14B,Renegades Soccer Club,654696,AZ,M,U12,2025,3,1,2,0,1-2-0,3,6,-3,1.0,2.0,0.0,0.6435117547720332,0.44110108956056826,0.4356413559032467,0.3515921804296545,0.2636941353222409
122,PRFC North Valley 14B Copa,Phoenix Rising FC North Valley,405148,AZ,M,U12,2025,25,5,19,1,5-19-1,60,122,-62,1.9,4.989999999999999,0.23376623376623365,0.061251565247000615,0.5995960130897326,0.47804133560836515,0.26053067790239604,0.26053067790239604
123,PRFC Desert Foothills 14B Predator,Phoenix Rising Desert Foothills,255975,AZ,M,U12,2025,15,2,11,2,2-11-2,22,61,-39,1.5,4.050000000000001,0.12987012987012983,0.16999514844250974,0.6713496665728957,0.49723660939828185,0.28028689601046375,0.2522582064094174
124,NOS Santos 14 Boys White,NOS Santos SC,136657,AZ,M,U12,2025,16,4,9,3,4-9-3,43,62,-19,2.5100000000000002,3.92,0.3922077922077921,0.18830483280385363,0.24922201919476708,0.384310571874382,0.2799977391780589,0.25199796526025303
125,Bala FC - 2014B,Bala FC,614083,AZ,M,U12,2025,3,1,1,1,1-1-1,7,9,-2,2.3333333333333335,3.0,0.34632034632034625,0.3518948203861682,0.2714016719879034,0.3902439911117654,0.32968110551191876,0.24726082913393907
126,14 Boys Navy,FC Batavia,197912,AZ,M,U12,2025,51,16,30,5,16-30-5,92,163,-71,1.3,3.8880487804878046,0.0779220779220779,0.19295406022964892,0.5520781272963745,0.46532952535976885,0.2395980836309912,0.2395980836309912
127,Sun Warriors 15/16 Boys,Sun Warriors AZFC,126086,AZ,M,U12,2025,2,0,2,0,0-2-0,2,8,-6,1.0,4.0,0.0,0.1769246597546492,1.0,0.5884904155063175,0.31634674740799346,0.23726006055599508
128,Tuzos Chandler 2014 boys,FBSL,615646,AZ,M,U12,2025,5,1,4,0,1-4-0,12,26,-14,2.4,5.2,0.3636363636363635,0.04146389023347312,0.6502354999079908,0.49158822509581723,0.31447147017818644,0.23585360263363983
129,14B Laroussi,RSL-AZ South,364430,AZ,M,U12,2025,10,1,9,0,1-9-0,24,61,-37,2.4,6.1,0.3636363636363635,0.0,0.4997240221880071,0.4513239474860652,0.26129464191063806,0.23516517771957426
130,CAC 14/15B (Conroy),Coronado Athletic Club,382297,AZ,M,U12,2025,20,5,13,2,5-13-2,49,79,-30,2.35,4.09,0.35064935064935054,0.16454955998503293,0.10622408157034288,0.34605628890970574,0.2197556118804795,0.2197556118804795
131,14B Rueda,RSL-AZ South,251060,AZ,M,U12,2025,16,3,12,1,3-12-1,19,65,-46,1.29,3.9099999999999997,0.07532467532467531,0.18975342916958737,0.5555491056909717,0.46625806874911435,0.23829156560809145,0.2144624090472823
132,CCV Stars 14 Boys South Orange,CCV STARS,128664,AZ,M,U12,2025,16,3,10,3,3-10-3,33,55,-22,2.11,3.51,0.2883116883116882,0.25296490694706103,0.10697182458305798,0.3462563223736036,0.22972167936779547,0.20674951143101594
133,PRFC Scottsdale 14B Copa,Phoenix Rising FC,179070,AZ,M,U12,2025,18,3,14,1,3-14-1,39,77,-38,2.1775,3.96,0.3058441558441558,0.18256885848469823,0.17603648001228245,0.3647322452822719,0.22716400037639087,0.20444760033875178
134,Synergy FC 14 B,Synergy FC AZ,371140,AZ,M,U12,2025,21,3,14,4,3-14-4,29,74,-45,1.1327272727272728,3.171818181818182,0.03447461629279812,0.31586370210401843,0.2451159415704689,0.38321212907216917,0.19265585479142341,0.19265585479142341
135,RSL-AZ Yuma 14 Boys Rodriguez,RSL-AZ Yuma,493827,AZ,M,U12,2025,1,0,1,0,0-1-0,1,7,-6,1.0,7.0,0.0,0.0,1.0,0.6064837522855229,0.25,0.1875
136,Spartak Academy 2014 Boys,Spartak Academy,647534,AZ,M,U12,2025,4,1,3,0,1-3-0,9,21,-12,2.25,5.25,0.32467532467532456,0.036948531249433945,0.4468759075152455,0.4371862139884586,0.2473279228505958,0.18549594213794685
137,FC Sonora 14' B Dynamo,FC Sonora,366702,AZ,M,U12,2025,7,1,5,1,1-5-1,17,35,-18,2.4285714285714284,5.0,0.3710575139146566,0.06027788600030311,0.30799943977557326,0.4000344915069677,0.2387506349120032,0.1790629761840024
138,VSC 2014 Boys White,Vail SC,305500,AZ,M,U12,2025,8,1,6,1,1-6-1,9,25,-16,1.125,3.125,0.03246753246753246,0.3253841899874532,0.3914975177162239,0.4223715905841412,0.2320687753496756,0.1740515815122567
139,14B Midhaan,RSL-AZ North,365125,AZ,M,U12,2025,8,3,4,1,3-4-1,19,29,-10,2.375,3.625,0.357142857142857,0.2336717388783851,0.0,0.3142121326573334,0.22155547350796578,0.16616660513097434
140,Hustle Hard 2014- Boys,FBSL,310009,AZ,M,U12,2025,11,1,8,2,1-8-2,11,38,-27,1.0,3.8099999999999996,0.0,0.20457067266108464,0.4227540264918557,0.4307332169897704,0.18240250887087067,0.16416225798378362
141,Tuzos Nogales 2014,FBSL,314990,AZ,M,U12,2025,3,0,3,0,0-3-0,2,7,-5,0.6666666666666666,2.3333333333333335,0.0,0.5268649810176872,0.07843848041580215,0.33862318696035365,0.21718398798558322,0.1628879909891874
142,Milan B,AYSO 350 Alliance,663478,AZ,M,U12,2025,3,0,3,0,0-3-0,1,34,-33,0.3333333333333333,11.333333333333334,0.0,0.0,0.8483770151089618,0.5445943153616465,0.21209425377724045,0.15907069033293034
143,East Valley NSFC 14 Boys Tiggs,East Valley/NSFC,370050,AZ,M,U12,2025,9,0,9,0,0-9-0,14,78,-64,1.5555555555555556,8.666666666666666,0.14430014430014426,0.0,0.5637662748212184,0.4684562956487404,0.19505412281785872,0.14629059211339404
144,Pima Surf 2014 B White,Pima County Surf Soccer Club,403789,AZ,M,U12,2025,1,0,1,0,0-1-0,2,4,-2,2.0,4.0,0.25974025974025966,0.1769246597546492,0.08984541192602186,0.34167472737415117,0.1862106977920963,0.13965802334407224
145,14B Geoff,RSL-AZ Southern AZ,443374,AZ,M,U12,2025,12,2,9,1,2-9-1,18,52,-34,1.58,4.6,0.15064935064935062,0.10193744805542673,0.20821673592924964,0.3733409891297293,0.14677423349660393,0.13209681014694355
146,AZSC 2014/2015B Navy,Arizona Soccer Club,621422,AZ,M,U12,2025,4,1,3,0,1-3-0,9,17,-8,2.25,4.25,0.32467532467532456,0.14359701011055026,0.0,0.2930108569675939,0.17560212554470306,0.13170159415852728
147,AZ Inferno 14 Boys Blue,AZ Inferno,641417,AZ,M,U12,2025,7,2,5,0,2-5-0,14,27,-13,2.0,3.857142857142857,0.25974025974025966,0.19750938453482783,0.0,0.22174172199248268,0.17146861660315782,0.12860146245236836
148,FSC United 14 Boys,Flagstaff SC,121797,AZ,M,U12,2025,21,2,18,1,2-18-1,29,131,-102,1.09,6.905454545454546,0.023376623376623388,0.0,0.4383930714999042,0.4349169168596699,0.11836450164120982,0.11836450164120982
149,SCUM East Valley 14B Ninjas,SC Union Maricopa Academy,492537,AZ,M,U12,2025,6,0,6,0,0-6-0,1,66,-65,0.16666666666666666,11.0,0.0,0.0,0.47242250006199327,0.44402034458014106,0.11810562501549832,0.08857921876162374
150,ESC - Boys Chandler 15/16,Epic Soccer Club,503477,AZ,M,U12,2025,3,0,3,0,0-3-0,1,29,-28,0.3333333333333333,9.666666666666666,0.0,0.0,0.35224580962394614,0.41187111782800545,0.08806145240598653,0.06604608930448991
151,ASA 014B Magic,Arizona Soccer Academy,526726,AZ,M,U12,2025,9,0,9,0,0-9-0,3,49,-46,0.3333333333333333,5.444444444444445,0.0,0.020054860567770047,0.32188924475685154,0.40375024111080837,0.08799288390212666,0.06599466292659499
152,Tuzos Titanes 2014,FBSL,519547,AZ,M,U12,2025,12,1,10,1,1-10-1,8,61,-53,0.5599999999999999,5.3100000000000005,0.0,0.03162455805747644,0.23889504507626771,0.3815479376947511,0.0715829705406206,0.06442467348655855
153,PSC 2014/15B,Paladin Soccer Club,490652,AZ,M,U12,2025,2,0,2,0,0-2-0,2,13,-11,1.0,6.5,0.0,0.0,0.008541485335153762,0.31992459960576924,0.0021353713337884405,0.0016015285003413305
